Method,DatasetID,Overall_RMSE_vs_GT,median_JSD_vs_GT,median_PCC_per_cell_type_vs_GT,mean_PCC_per_cell_type_vs_GT,median_Entropy_Predicted,mean_Num_Detected_CellTypes_Predicted,Mean_Marker_PCC_all_cts,Median_Marker_PCC_all_cts,Rank_Overall_RMSE_vs_GT,Rank_median_JSD_vs_GT,Rank_median_PCC_per_cell_type_vs_GT,Aggregated_Score
cell2location,resolution_0.25_Zhuang-ABCA-1.011,0.046231828143837715,0.14718542285273709,0.9104009929299853,0.6762409507815836,0.6488654959434226,2.3995943204868153,0.3256955139432556,0.2923170172335785,1.0,1.0,3.0,1.6666666666666667
CARD,resolution_0.25_Zhuang-ABCA-1.011,0.09191094727993752,0.35977821073898386,0.18776633471489063,0.4380053424936809,1.4300776581057562,5.334685598377282,0.36270319773504417,0.38469264163977296,2.0,2.0,2.0,2.0
DWLS,resolution_0.25_Zhuang-ABCA-1.011,0.14545718849852843,0.5795744351621879,0.1177343542792399,0.31175809500525603,0.7674859940531491,2.686950642325896,0.28877740294578214,0.20436750875155932,3.0,3.0,1.0,2.3333333333333335
