Method,DatasetID,Overall_RMSE_vs_GT,median_JSD_vs_GT,median_PCC_per_cell_type_vs_GT,mean_PCC_per_cell_type_vs_GT,median_Entropy_Predicted,mean_Num_Detected_CellTypes_Predicted,Mean_Marker_PCC_all_cts,Median_Marker_PCC_all_cts,Rank_Overall_RMSE_vs_GT,Rank_median_JSD_vs_GT,Rank_median_PCC_per_cell_type_vs_GT,Aggregated_Score
cell2location,resolution_0.25_Zhuang-ABCA-1.010,0.050718290327690735,0.12462850282210591,0.9179317131125445,0.7562049877758409,0.6559942935033352,2.3444592790387184,0.3428744554349109,0.3398544776076808,1.0,1.0,3.0,1.6666666666666667
CARD,resolution_0.25_Zhuang-ABCA-1.010,0.09592281594062145,0.30452621669305735,0.5503829270579091,0.5423280911419669,1.1759298582367195,4.719626168224299,0.3943400940733312,0.37664158838467077,2.0,3.0,2.0,2.3333333333333335
DWLS,resolution_0.25_Zhuang-ABCA-1.010,0.1314282327817355,0.2848105771112793,0.4481327394665634,0.4616123415340893,0.5533562516238537,2.272363150867824,0.34094414071748064,0.3500147248711001,3.0,2.0,1.0,2.0
