Method,DatasetID,Overall_RMSE_vs_GT,median_JSD_vs_GT,median_PCC_per_cell_type_vs_GT,mean_PCC_per_cell_type_vs_GT,median_Entropy_Predicted,mean_Num_Detected_CellTypes_Predicted,Mean_Marker_PCC_all_cts,Median_Marker_PCC_all_cts,Rank_Overall_RMSE_vs_GT,Rank_median_JSD_vs_GT,Rank_median_PCC_per_cell_type_vs_GT,Aggregated_Score
cell2location,resolution_0.25_Zhuang-ABCA-1.012,0.05116207620879364,0.1448452373851733,0.8759283282552539,0.7250069566500885,0.7077584231996827,2.3842710997442453,0.3485997898201099,0.3368287520621974,1.0,1.0,3.0,1.6666666666666667
CARD,resolution_0.25_Zhuang-ABCA-1.012,0.09633072729941106,0.36600147661390503,0.30196604541340566,0.48998054078139786,1.4472012608142457,5.015345268542199,0.40172168560876587,0.36991513448474134,2.0,2.0,2.0,2.0
DWLS,resolution_0.25_Zhuang-ABCA-1.012,0.15432612193757012,0.46680828992205614,0.21336653025722357,0.4023477856280863,0.7190286566106029,2.270460358056266,0.31682920508477785,0.3246055684917126,3.0,3.0,1.0,2.3333333333333335
