Method,DatasetID,Overall_RMSE_vs_GT,median_JSD_vs_GT,median_PCC_per_cell_type_vs_GT,mean_PCC_per_cell_type_vs_GT,median_Entropy_Predicted,mean_Num_Detected_CellTypes_Predicted,Mean_Marker_PCC_all_cts,Median_Marker_PCC_all_cts,Rank_Overall_RMSE_vs_GT,Rank_median_JSD_vs_GT,Rank_median_PCC_per_cell_type_vs_GT,Aggregated_Score
cell2location,resolution_0.25_Zhuang-ABCA-1.009,0.049510793048168515,0.15660942502886727,0.9015464333058396,0.7339225552070827,0.7663565612427703,2.406480955088118,0.31956359511196547,0.2939125448042137,1.0,1.0,2.0,1.3333333333333333
CARD,resolution_0.25_Zhuang-ABCA-1.009,0.09349518686121196,0.37045908946352174,0.3639044858715983,0.47129945440689036,1.523634586306607,5.5628197839681635,0.37282581833187245,0.3546673060205538,2.0,2.0,1.0,1.6666666666666667
