Method,DatasetID,Overall_RMSE_vs_GT,median_JSD_vs_GT,median_PCC_per_cell_type_vs_GT,mean_PCC_per_cell_type_vs_GT,median_Entropy_Predicted,mean_Num_Detected_CellTypes_Predicted,Mean_Marker_PCC_all_cts,Median_Marker_PCC_all_cts,Rank_Overall_RMSE_vs_GT,Rank_median_JSD_vs_GT,Rank_median_PCC_per_cell_type_vs_GT,Aggregated_Score
cell2location,resolution_0.25_Zhuang-ABCA-1.008,0.08267444635709405,0.16352499224462652,0.8615718135647575,0.656868232711863,0.8087139537100693,2.6246728971962616,0.3177023258177773,0.3004622026966745,1.0,1.0,2.0,1.3333333333333333
CARD,resolution_0.25_Zhuang-ABCA-1.008,0.10559453954269324,0.32302195513832305,0.22264751888097836,0.44901283782654566,1.323095785483119,5.1016822429906545,0.39215410214226404,0.3649927435771455,2.0,2.0,1.0,1.6666666666666667
