Method,DatasetID,Overall_RMSE_vs_GT,median_JSD_vs_GT,median_PCC_per_cell_type_vs_GT,mean_PCC_per_cell_type_vs_GT,median_Entropy_Predicted,mean_Num_Detected_CellTypes_Predicted,Mean_Marker_PCC_all_cts,Median_Marker_PCC_all_cts,Rank_Overall_RMSE_vs_GT,Rank_median_JSD_vs_GT,Rank_median_PCC_per_cell_type_vs_GT,Aggregated_Score
cell2location,resolution_0.25_Zhuang-ABCA-1.007,0.07048164219756532,0.17357208636171106,0.9085749754409435,0.6644029664703748,0.7575497715410873,2.7150170648464163,0.3531262509201989,0.34101602248023977,1.0,1.0,3.0,1.6666666666666667
CARD,resolution_0.25_Zhuang-ABCA-1.007,0.10059135878545739,0.2800767281565974,0.4507496446418862,0.5342933164144666,1.2067987958440636,4.933447098976109,0.3870500720974441,0.3785595568211654,2.0,2.0,2.0,2.0
DWLS,resolution_0.25_Zhuang-ABCA-1.007,0.1288643485893313,0.3713830650016636,0.31833793855753667,0.4487187118712138,0.863918546972652,2.7679180887372015,0.3524652969161563,0.3627624646506939,3.0,3.0,1.0,2.3333333333333335
