Method,median_Entropy_Predicted,mean_Num_Detected_CellTypes_Predicted,Mean_Marker_PCC_all_cts,Median_Marker_PCC_all_cts,DatasetID
CARD,1.81899509217656,5.732394366197183,0.3858493017828646,0.3263188827264525,seqFISH+_10000genes
DWLS,1.1538760808236732,3.492957746478873,0.43539864077648627,0.4503381419871765,seqFISH+_10000genes
cell2loc,2.4950858663128037,6.338028169014085,0.36340271202305907,0.38727803034279706,seqFISH+_10000genes
CARD,1.9693208335141414,5.71830985915493,0.4392790923823061,0.3942945813851673,seqFISH+_3000genes
DWLS,1.4859036584349952,3.5211267605633805,0.41312605181066187,0.4497830348883342,seqFISH+_3000genes
cell2loc,2.53349990039829,6.887323943661972,0.4085030378861659,0.40695529887924575,seqFISH+_3000genes
CARD,1.810762833777722,5.830985915492958,0.3756083836080362,0.3017646901011226,seqFISH+_6000genes
DWLS,1.2442375091980684,3.4788732394366195,0.458588623918503,0.3274210769232565,seqFISH+_6000genes
cell2loc,2.5109830721965283,6.577464788732394,0.3616579071838588,0.35380216067792764,seqFISH+_6000genes
