Method,median_Entropy_Predicted,mean_Num_Detected_CellTypes_Predicted,Mean_Marker_PCC_all_cts,Median_Marker_PCC_all_cts,DatasetID
CARD,1.810762833777722,5.830985915492958,0.3756083836080362,0.3017646901011226,seqFISH+_6000genes
DWLS,1.2442375091980684,3.4788732394366195,0.458588623918503,0.3274210769232565,seqFISH+_6000genes
cell2loc,2.5109830721965283,6.577464788732394,0.3616579071838588,0.35380216067792764,seqFISH+_6000genes
