Method,median_Entropy_Predicted,mean_Num_Detected_CellTypes_Predicted,Mean_Marker_PCC_all_cts,Median_Marker_PCC_all_cts,DatasetID
CARD,1.81899509217656,5.732394366197183,0.3858493017828646,0.3263188827264525,seqFISH+_10000genes
DWLS,1.1538760808236732,3.492957746478873,0.43539864077648627,0.4503381419871765,seqFISH+_10000genes
cell2loc,2.4950858663128037,6.338028169014085,0.36340271202305907,0.38727803034279706,seqFISH+_10000genes
