Method,Resolution,Overall_RMSE_vs_GT,median_JSD_vs_GT,median_PCC_per_cell_type_vs_GT,mean_PCC_per_cell_type_vs_GT,median_Entropy_Predicted,mean_Num_Detected_CellTypes_Predicted,Mean_Marker_PCC_all_cts,Median_Marker_PCC_all_cts,Rank_Overall_RMSE_vs_GT,Rank_median_JSD_vs_GT,Rank_median_PCC_per_cell_type_vs_GT,Aggregated_Score
cell2location,0.15,0.06996979358056173,0.18774507022503256,0.8931484674253429,0.6578391981015993,0.9818294699841434,3.1923076923076925,0.3659832601497392,0.34367807552715346,1.0,1.0,3.0,1.6666666666666667
CARD,0.15,0.09527927133821448,0.29585978768968,0.3003645858577359,0.519277048741017,1.4416359744408067,5.441391941391942,0.39226618322173495,0.3806492256926188,2.0,2.0,2.0,2.0
DWLS,0.15,0.2059138317400809,0.8068807786981951,-0.0037659242526768082,0.018884446644865653,0.017464191286523136,0.9652014652014652,0.03833445415114981,0.030684836337680824,3.0,3.0,1.0,2.3333333333333335
