Method,Resolution,Overall_RMSE_vs_GT,median_JSD_vs_GT,median_PCC_per_cell_type_vs_GT,mean_PCC_per_cell_type_vs_GT,median_Entropy_Predicted,mean_Num_Detected_CellTypes_Predicted,Mean_Marker_PCC_all_cts,Median_Marker_PCC_all_cts,Rank_Overall_RMSE_vs_GT,Rank_median_JSD_vs_GT,Rank_median_PCC_per_cell_type_vs_GT,Aggregated_Score
cell2location,0.5,0.07022757443030798,0.16147422026172395,0.8680624975103529,0.6920675408015281,0.49936240591442127,2.316116377901275,0.35079946595430583,0.3122243705195953,1.0,1.0,3.0,1.6666666666666667
CARD,0.5,0.10942882742864649,0.2714227599748383,0.6343849536817207,0.5431914717387228,1.0653654356729856,4.543314808761033,0.38075029859788967,0.38855500034212476,2.0,2.0,2.0,2.0
DWLS,0.5,0.23087073955081738,0.9766925956903849,-0.0013340956127759057,0.0013365498382471592,0.005231826124980965,0.8005884275907159,0.009713705298552255,0.010432066249444828,3.0,3.0,1.0,2.3333333333333335
