Method,Resolution,Overall_RMSE_vs_GT,median_JSD_vs_GT,median_PCC_per_cell_type_vs_GT,mean_PCC_per_cell_type_vs_GT,median_Entropy_Predicted,mean_Num_Detected_CellTypes_Predicted,Mean_Marker_PCC_all_cts,Median_Marker_PCC_all_cts,Rank_Overall_RMSE_vs_GT,Rank_median_JSD_vs_GT,Rank_median_PCC_per_cell_type_vs_GT,Aggregated_Score
cell2location,0.35,0.07397715478065904,0.15045338507776945,0.8968268275933386,0.6849721743618492,0.651193928268135,2.546841882153455,0.3549770931631262,0.3672935865957319,1.0,1.0,3.0,1.6666666666666667
CARD,0.35,0.10493769929368982,0.2768860198521454,0.49170395596157457,0.5402156039196356,1.1357444164184392,4.7554048325561675,0.3802720363829181,0.38369789130207776,2.0,2.0,2.0,2.0
DWLS,0.35,0.2237816241672786,0.934109764108229,-0.0008561285267486285,0.0031460174931838853,0.00751018001064849,0.8719796523950827,0.012677669172390892,0.004984568555923333,3.0,3.0,1.0,2.3333333333333335
