Method,Resolution,Overall_RMSE_vs_GT,median_JSD_vs_GT,median_PCC_per_cell_type_vs_GT,mean_PCC_per_cell_type_vs_GT,median_Entropy_Predicted,mean_Num_Detected_CellTypes_Predicted,Mean_Marker_PCC_all_cts,Median_Marker_PCC_all_cts,Rank_Overall_RMSE_vs_GT,Rank_median_JSD_vs_GT,Rank_median_PCC_per_cell_type_vs_GT,Aggregated_Score
cell2location,0.4,0.07374525066852854,0.14800131882725354,0.9098228899452805,0.6742506820906919,0.6251061368699223,2.4125095932463547,0.35471316227368815,0.3622633072681911,1.0,1.0,3.0,1.6666666666666667
CARD,0.4,0.10812629691638788,0.27903083841514487,0.4773699828919058,0.5291413628561422,1.1157997536730888,4.684190330007675,0.38266821610084273,0.3874583274806314,2.0,2.0,2.0,2.0
DWLS,0.4,0.22596913932913523,0.9044746682924683,-0.0006194773561929401,0.012935377414070746,0.006567176927357714,0.8476592478894858,0.01682751366539539,0.010386443708545391,3.0,3.0,1.0,2.3333333333333335
