Method,Resolution,Overall_RMSE_vs_GT,median_JSD_vs_GT,median_PCC_per_cell_type_vs_GT,mean_PCC_per_cell_type_vs_GT,median_Entropy_Predicted,mean_Num_Detected_CellTypes_Predicted,Mean_Marker_PCC_all_cts,Median_Marker_PCC_all_cts,Rank_Overall_RMSE_vs_GT,Rank_median_JSD_vs_GT,Rank_median_PCC_per_cell_type_vs_GT,Aggregated_Score
cell2location,0.3,0.07608491544021036,0.16231474957291542,0.8974091998854503,0.6586702483198557,0.7346313910464535,2.6351616062683645,0.3565569523273794,0.3622918284705604,1.0,1.0,3.0,1.6666666666666667
CARD,0.3,0.10605267769415405,0.27176523455767654,0.35133397670303335,0.5277768800367484,1.1801547479633356,4.814397649363369,0.382986214134688,0.382868741347469,2.0,2.0,2.0,2.0
DWLS,0.3,0.22073931050274567,0.8760136664357925,-0.0019998236485852714,0.0055558955260102145,0.008963522590685422,0.8927522037218414,0.021026113558211858,0.022910881723383385,3.0,3.0,1.0,2.3333333333333335
