Method,Resolution,Overall_RMSE_vs_GT,median_JSD_vs_GT,median_PCC_per_cell_type_vs_GT,mean_PCC_per_cell_type_vs_GT,median_Entropy_Predicted,mean_Num_Detected_CellTypes_Predicted,Mean_Marker_PCC_all_cts,Median_Marker_PCC_all_cts,Rank_Overall_RMSE_vs_GT,Rank_median_JSD_vs_GT,Rank_median_PCC_per_cell_type_vs_GT,Aggregated_Score
cell2location,0.25,0.07051109099878257,0.17317268060411534,0.9095201688466271,0.6724851105938714,0.764744786212153,2.7218430034129693,0.3550285631836753,0.3431253888894511,1.0,1.0,3.0,1.6666666666666667
CARD,0.25,0.10059135878545726,0.280076728156598,0.4507496446418865,0.5342933164144668,1.206798795844067,4.933447098976109,0.3870500720974443,0.3785595568211654,2.0,2.0,2.0,2.0
DWLS,0.25,0.21693446381689152,0.8604445164201587,-0.0024994941788599578,0.0012916144741834952,0.010602411580278201,0.9124004550625711,0.016101224041244592,0.016988931267886552,3.0,3.0,1.0,2.3333333333333335
