Method,Resolution,Overall_RMSE_vs_GT,median_JSD_vs_GT,median_PCC_per_cell_type_vs_GT,mean_PCC_per_cell_type_vs_GT,median_Entropy_Predicted,mean_Num_Detected_CellTypes_Predicted,Mean_Marker_PCC_all_cts,Median_Marker_PCC_all_cts,Rank_Overall_RMSE_vs_GT,Rank_median_JSD_vs_GT,Rank_median_PCC_per_cell_type_vs_GT,Aggregated_Score
cell2location,0.45,0.06817124263195208,0.15248631778766308,0.8967184042868076,0.7446307265243222,0.5972030059941087,2.3086074177746676,0.3498408022054467,0.297691212103054,1.0,1.0,3.0,1.6666666666666667
CARD,0.45,0.10884033847577228,0.2724561134408152,0.42859095034457034,0.5339744232454621,1.09242516554569,4.6070678796361095,0.38058473628238043,0.38876216010407105,2.0,2.0,2.0,2.0
DWLS,0.45,0.22900294648097122,0.9753373514451655,-0.0005593018367428862,0.004814194462937299,0.005825185311913004,0.8250524842547236,0.010622015934060137,0.006455896473607158,3.0,3.0,1.0,2.3333333333333335
