Method,Resolution,Overall_RMSE_vs_GT,median_JSD_vs_GT,median_PCC_per_cell_type_vs_GT,mean_PCC_per_cell_type_vs_GT,median_Entropy_Predicted,mean_Num_Detected_CellTypes_Predicted,Mean_Marker_PCC_all_cts,Median_Marker_PCC_all_cts,Rank_Overall_RMSE_vs_GT,Rank_median_JSD_vs_GT,Rank_median_PCC_per_cell_type_vs_GT,Aggregated_Score
cell2location,0.1,0.0693885136777354,0.20631804760475353,0.8251990719852822,0.6133672316998504,1.1355937755566679,3.607476635514019,0.3716447511130966,0.373781260538887,1.0,1.0,3.0,1.6666666666666667
CARD,0.1,0.09225252828305178,0.2998149319462396,0.3925619700069369,0.5135327051938637,1.6538490718370615,5.855807743658211,0.4016608617587434,0.40355593735139694,2.0,2.0,2.0,2.0
DWLS,0.1,0.19841001272574932,0.7803145341212032,0.000499603675672928,0.033850259886975174,0.02559493727929764,1.0133511348464619,0.03475411476197158,0.026142620390397074,3.0,3.0,1.0,2.3333333333333335
