Method,Resolution,Overall_RMSE_vs_GT,median_JSD_vs_GT,median_PCC_per_cell_type_vs_GT,mean_PCC_per_cell_type_vs_GT,median_Entropy_Predicted,mean_Num_Detected_CellTypes_Predicted,Mean_Marker_PCC_all_cts,Median_Marker_PCC_all_cts,Rank_Overall_RMSE_vs_GT,Rank_median_JSD_vs_GT,Rank_median_PCC_per_cell_type_vs_GT,Aggregated_Score
cell2location,0.2,0.0729971662572499,0.1726629769665291,0.8991186138527525,0.6784231806740603,0.8298367987590309,2.8482950591510092,0.3573797255960253,0.33716288839190783,1.0,1.0,3.0,1.6666666666666667
CARD,0.2,0.10040804923214584,0.28078630338493465,0.4450096505864091,0.539342654597768,1.3336886072134606,5.13848295059151,0.38764888255157487,0.3695192856939832,2.0,2.0,2.0,2.0
DWLS,0.2,0.21224846744251252,0.8451486634435452,-0.0016658982440671116,0.0032606624404077473,0.013448442578257403,0.942936673625609,0.013746708409288592,0.005327646044000528,3.0,3.0,1.0,2.3333333333333335
