Method,median_Entropy_Predicted,mean_Num_Detected_CellTypes_Predicted,Mean_Marker_PCC_all_cts,Median_Marker_PCC_all_cts,DatasetID
CARD,1.81899509217656,5.732394366197183,0.3858493017828646,0.3263188827264525,seqFISH+_10000genes
DWLS,1.1538760808236732,3.492957746478873,0.43539864077648627,0.4503381419871765,seqFISH+_10000genes
cell2loc,2.4958455911034583,6.295774647887324,0.36444899607921616,0.3866759151080749,seqFISH+_10000genes
CARD,1.9693208335141414,5.71830985915493,0.4392790923823061,0.3942945813851673,seqFISH+_3000genes
DWLS,1.4859036584349952,3.5211267605633805,0.41312605181066187,0.4497830348883342,seqFISH+_3000genes
cell2loc,2.536132478835291,6.873239436619718,0.4096507175782651,0.4066875067384682,seqFISH+_3000genes
CARD,1.810762833777722,5.830985915492958,0.3756083836080362,0.3017646901011226,seqFISH+_6000genes
DWLS,1.2442375091980684,3.4788732394366195,0.458588623918503,0.3274210769232565,seqFISH+_6000genes
cell2loc,2.5112601663925562,6.549295774647887,0.36153705895674215,0.3542918552508746,seqFISH+_6000genes
