Method,median_Entropy_Predicted,mean_Num_Detected_CellTypes_Predicted,Mean_Marker_PCC_all_cts,Median_Marker_PCC_all_cts,DatasetID
CARD,1.9693208335141414,5.71830985915493,0.4392790923823061,0.3942945813851673,seqFISH+_3000genes
DWLS,1.4859036584349952,3.5211267605633805,0.41312605181066187,0.4497830348883342,seqFISH+_3000genes
cell2loc,2.536132478835291,6.873239436619718,0.4096507175782651,0.4066875067384682,seqFISH+_3000genes
