Method,median_Entropy_Predicted,mean_Num_Detected_CellTypes_Predicted,Mean_Marker_PCC_all_cts,Median_Marker_PCC_all_cts,DatasetID
CARD,1.9693208335141412,5.71830985915493,0.439279092382306,0.39429458138516726,seqFISH+_3000genes
DWLS,1.4859036584349952,3.5211267605633805,0.4131260518106621,0.4497830348883345,seqFISH+_3000genes
cell2loc,2.5371634860012215,6.887323943661972,0.40869392281133926,0.40590316042095687,seqFISH+_3000genes
