Method,median_Entropy_Predicted,mean_Num_Detected_CellTypes_Predicted,Mean_Marker_PCC_all_cts,Median_Marker_PCC_all_cts,DatasetID
CARD,1.81899509217656,5.732394366197183,0.3858493017828645,0.3263188827264527,seqFISH+_10000genes
DWLS,1.1538760808236745,3.492957746478873,0.4353986407764862,0.4503381419871767,seqFISH+_10000genes
cell2loc,2.496522393523733,6.323943661971831,0.36407041508723925,0.38670613486274147,seqFISH+_10000genes
