Method,median_Entropy_Predicted,mean_Num_Detected_CellTypes_Predicted,Mean_Marker_PCC_all_cts,Median_Marker_PCC_all_cts,DatasetID
CARD,1.8107628337777222,5.830985915492958,0.3756083836080363,0.3017646901011226,seqFISH+_6000genes
DWLS,1.244237509198075,3.4788732394366195,0.4585886239185024,0.3274210769232565,seqFISH+_6000genes
cell2loc,2.512150216652071,6.549295774647887,0.3626073304086404,0.35397412302797504,seqFISH+_6000genes
